drug_name,genes,cpic_level,dosing,phenotypes
esomeprazole,CYP2C19,,No action is needed for this gene-drug interaction.,
azathioprine,NUDT15; TPMT,,"The CPIC dosing guideline recommends that a lower than standard starting dose of azathioprine should be considered for TPMT or NUDT15 intermediate metabolizers. Compound TMPT/NUDT15 intermediate metabolizers require further dose reduction compared to single gene intermediate metabolizers. For TPMT and/or NUDT15 poor metabolizers, an alternative immunosuppressant therapy should be considered.",intermediate metabolizer; poor metabolizer
azathioprine,TPMT,,Select an alternative drug or reduce the initial dose of azathioprine for patients that are TPMT poor metabolizers and reduce initial dose for patients that are TPMT intermediate metabolizers.,intermediate metabolizer; poor metabolizer
clozapine,CYP2D6,,There are currently no dosing recommendations for clozapine based on CYP2D6 genotypes.,
aripiprazole,CYP2D6,,The Royal Dutch Pharmacists Association - Pharmacogenetics Working Group (DPWG) recommends reducing maximum dose of aripiprazole for patients carrying poor metabolizer alleles of CYP2D6.,poor metabolizer
acenocoumarol,VKORC1,,Patients with the VKORC1 rs9923231 TT genotype (-1639 AA genotype) should be given 50% of the standard initial dose of acenocoumarol and undergo more frequent INR monitoring. There are no recommendation for patients with the VKORC1 rs9923231 CT genotype (-1639 AG genotype).,
fluorouracil,DPYD,,"An alternative drug to fluorouracil is recommended for patients with a DPYD activity score of 0; if an alternative drug is not possible, the DPD activity should be determined and the initial dose adjusted accordingly. For patients with a DPYD activity score of 1 or 1.5, start with 50% of the standard dose or choose an alternative drug; adjustment of subsequent doses should be guided by toxicity and effectiveness. Patients with two partially functional alleles or one non-functional and one partially functional allele or two gene variants leading to partially functional alleles or a gene variant",intermediate metabolizer; poor metabolizer
phenprocoumon,VKORC1,,Patients with the VKORC1 rs9923231 TT genotype (-1639 AA genotype) is recommended to be given 50% of the standard initial dose of phenprocoumon and more frequent monitoring of INR. The genotype-specific initial dose and maintenance dose can be calculated using an algorithm. There is no recommendation for patients with the VKORC1 rs9923231 CT genotype (-1639 AG genotype).,
moclobemide,CYP2C19,,No action is needed for this gene-drug interaction.,
duloxetine,CYP2D6,,There are currently no dosing recommendations for duloxetine based on CYP2D6 genotype.,
risperidone,CYP2D6,,The Dutch Pharmacogenetics Working Group Guideline for risperidone recommends decreasing the dose for CYP2D6 poor metabolizers and using an alternative drug or titrate the dose according to the maximum dose for the active metabolite for CYP2D6 ultrarapid metabolizers.,ultra-rapid metabolizer; rapid metabolizer; intermediate metabolizer; poor metabolizer
tegafur,DPYD,,"Choose an alternative drug to tegafur for patients with DPYD Activity Score of 0. For patients with a DPYD Activity Score of 1 or 1.5, avoid tegafur or start with a low dose and adjust the initial dose based on toxicity and efficacy. Fluorouracil and capecitabine are not alternatives for tegafur, as these are also metabolized by DPD. The DPWG evaluated DPYD genotyping as ""essential"" and recommend DPYD testing prior to initiating fluoropyrimidines.",intermediate metabolizer; poor metabolizer
mercaptopurine,NUDT15; TPMT,,"The CPIC dosing guideline recommends a lower than standard starting dose of mercaptopurine should be considered if the starting dose is high for TPMT or NUDT15 intermediate metabolizers. For TPMT and/or NUDT15 poor metabolizers, markedly reduced doses should be used.",intermediate metabolizer; poor metabolizer
olanzapine,CYP2D6,,There are currently no dosing recommendations for olanzapine based on CYP2D6 genotype.,
ribavirin,HLA-B,,There are no dosing recommendations for ribavirin in HLA-B*44 positive patients at this time.,
clopidogrel,CYP2C19,,The CPIC Dosing Guideline for clopidogrel recommends an alternative antiplatelet therapy for CYP2C19 poor or intermediate metabolizers (cardiovascular indications: prasugrel or ticagrelor if no contraindication; neurovascular indications: alternative P2Y12 inhibitor if clinically indicated and no contraindication.),ultra-rapid metabolizer; rapid metabolizer; normal metabolizer; intermediate metabolizer; likely poor metabolizer; poor metabolizer
warfarin,CYP2C9; CYP4F2; VKORC1,,"The updated guideline for pharmacogenetics-guided warfarin dosing is published by the Clinical Pharmacogenetics Implementation Consortium. The recommendations for dosing are for adult and pediatric patients that are specific to continental ancestry, and are based on genotypes from CYP2C9, VKORC1, CYP4F2, and rs12777823.",
irinotecan,UGT1A1,,"Dose reductions are recommended for irinotecan for patients who are UGT1A1 *28/*28 or UGT1A1 PM, starting with 70% of starting dose and increasing as tolerated, guided by neutrophil count.",poor metabolizer
mercaptopurine,TPMT,,Select an alternative drug or reduce the initial dose of mercaptopurine for patients that are TPMT poor metabolizers and reduce initial dose for patients that are TPMT intermediate metabolizers.,intermediate metabolizer; poor metabolizer
glyburide,CYP2C9,,There are currently no dosing recommendations for glibenclamide based on CYP2C9 genotype.,
imipramine,CYP2C19,,"CYP2C19 poor metabolizers should receive 70% of the standard dose of imipramine, or imipramine should be avoided in these patients. Patients should be monitored for the effect and side effects or the plasma concentrations of imipramine and desipramine in order to set the maintenance dose.",ultra-rapid metabolizer; rapid metabolizer; poor metabolizer
clopidogrel,CYP2C19,,"Avoid clopidogrel use in patients who are CYP2C19 poor metabolizers and are undergoing percutaneous coronary intervention, stroke or TIA. For CYP2C19 intermediate metabolizers who are undergoing percutaneous coronary intervention, stroke, or TIA, choose an alternative drug or double the dose to 150 mg/day (600 mg loading dose). No action is required for patients who are CYP2C19 ultra-rapid metabolizers.",ultra-rapid metabolizer; rapid metabolizer; intermediate metabolizer; poor metabolizer
omeprazole,CYP2C19,,"For CYP2C19 ultrarapid metabolizers who are undergoing H. pylori eradication therapy, use a 3-fold higher dose. For CYP2C19 ultrarapid metabolizers with other indications, be alert to reduced effectiveness and, if necessary, use a 3-fold higher dose.",ultra-rapid metabolizer; rapid metabolizer
pantoprazole,CYP2C19,,"For CYP2C19 ultrarapid metabolizers who are undergoing H. pylori eradication therapy, use a 5-fold higher dose. For CYP2C19 ultrarapid metabolizers with other indications, be alert to reduced effectiveness and, if necessary, use a 5-fold higher dose.",ultra-rapid metabolizer; rapid metabolizer
tramadol,CYP2D6,,"Be alert to a reduced efficacy of tramadol in CYP2D6 intermediate or poor metabolizers. If tramadol is not effective in these patients, try a dose increase or select an alternative to tramadol (not codeine) and be alert for symptoms of insufficient pain relief. For CYP2D6 ultrarapid metabolizers, use an alternative to tramadol (not codeine) or use 40% of the standard dose and be alert to side effects.",ultra-rapid metabolizer; rapid metabolizer; intermediate metabolizer; poor metabolizer
thioguanine,TPMT,,Select an alternative drug or reduce the initial dose of thioguanine for patients that are TPMT poor metabolizers and reduce initial dose for patients that are TPMT intermediate metabolizers.,intermediate metabolizer; poor metabolizer
nortriptyline,CYP2D6,,"The Dutch Pharmacogenetics Working Group Guideline for nortriptyline recommends a dose reduction for CYP2D6 poor or intermediate metabolizer patients. For CYP2D6 ultrarapid metabolizers, select an alternative drug or use 1.7 times the standard dose. Monitoring of nortriptyline and 10-hydroxynortriptyline plasma concentrations is recommended.",ultra-rapid metabolizer; rapid metabolizer; intermediate metabolizer; poor metabolizer
propafenone,CYP2D6,,"Reduce the dose of propafenone by 70% for CYP2D6 poor metabolizers, and monitor propafenone plasma concentrations or use an alternative drug for CYP2D6 intermediate and ultrarapid metabolizers.",ultra-rapid metabolizer; rapid metabolizer; intermediate metabolizer; poor metabolizer
capecitabine,DPYD,,"An alternative drug to capecitabine is recommended for patients with a DPYD activity score of 0; if an alternative drug is not possible, the DPD activity should be determined and the initial dose adjusted accordingly. For patients with a DPYD activity score of 1 or 1.5, start with 50% of the standard dose or choose an alternative drug; adjustment of subsequent doses should be guided by toxicity and effectiveness. Patients with two partially functional alleles or one non-functional and one partially functional allele or two gene variants leading to partially functional alleles or a gene variant",intermediate metabolizer; poor metabolizer
clomipramine,CYP2D6,,"The Dutch Pharmacogenetics Working Group Guideline for clomipramine recommends dose changes and to monitor the effect and side effects and the plasma concentrations to set the maintenance dose for CYP2D6 poor (PM), intermediate (IM) metabolizer, and ultrarapid (UM) metabolizer or to avoid clomipramine in PM and UM.",ultra-rapid metabolizer; rapid metabolizer; poor metabolizer
thioguanine,NUDT15; TPMT,,"The CPIC dosing guideline recommends considering adjusting the starting dose for TPMT or NUDT15 intermediate metabolizers if the protocol dose is considered as high, but otherwise dose reduction may not be necessary. Compound TMPT/NUDT15 intermediate metabolizers require further dose reduction compared to single gene intermediate metabolizers. For TPMT and/or NUDT15 poor metabolizers, drastic dose reduction is required to mitigate the risk of thioguanine-induced myelosuppression.",intermediate metabolizer; poor metabolizer
tamoxifen,CYP2D6,,"For CYP2D6 poor and intermediate metabolizers, consider an alternative medication or a dose increase. For intermediate metabolizers, avoid concomitant CYP2D6 inhibitor use.",ultra-rapid metabolizer; rapid metabolizer; intermediate metabolizer; poor metabolizer
mirtazapine,CYP2D6,,There are currently no dosing recommendations for mirtazapine based on CYP2D6 genotype.,
venlafaxine,CYP2D6,,"For CYP2D6 poor (PM) and intermediate metabolizers (IM), select an alternative to venlafaxine or reduce the dose and monitor patient's plasma metabolite level. For CYP2D6 ultrarapid metabolizers (UM), therapy adjustment is not required or beneficial for this phenotype-drug combination.",ultra-rapid metabolizer; rapid metabolizer; intermediate metabolizer; poor metabolizer
flecainide,CYP2D6,,Reduce flecainide dose by 50% for CYP2D6 poor metabolizer (PM) and record an ECG and monitor the plasma concentration. Reduce flecainide dose to 75% of the standard dose for CYP2D6 intermediate metabolizer (IM) patients with indications other than diagnosis of Brugada syndrome and record an ECG and monitor the plasma concentration.,intermediate metabolizer; poor metabolizer
codeine,CYP2D6,,"The Pharmacogenetics Working Group Guideline for codeine includes individual recommendations for cough or pain for CYP2D6 poor, intermediate, and ultrarapid metabolizer. In addition, for ultrarapid metabolizer, higher or lower doses and additional risk factors are taken into consideration.",ultra-rapid metabolizer; rapid metabolizer; intermediate metabolizer; poor metabolizer
gliclazide,CYP2C9,,There are currently no dosing recommendations for gliclazide based on CYP2C9 genotype.,
imipramine,CYP2D6,,"CYP2D6 poor metabolizers should receive 30% of the standard dose of imipramine, CYP2D6 intermediate metabolizers should receive 70% of the standard dose, and CYP2D6 ultra-rapid metabolizers should receive 1.7 times the standard dose. Patients should be monitored for the effect and side effects or the plasma concentrations of imipramine and desipramine in order to set the maintenance dose.",ultra-rapid metabolizer; rapid metabolizer; intermediate metabolizer; poor metabolizer
oxycodone,CYP2D6,,There are currently no dosing recommendations for oxycodone based on CYP2D6 genotypes.,
carvedilol,CYP2D6,,There are currently no dosing recommendations for carvedilol based on CYP2D6 genotype.,
escitalopram,CYP2C19,,The Dutch Pharmacogenetics Working Group Guideline for escitalopram recommends for intermediate and poor metabolizers of CYP2C19 to not exceed the in the DPWG document specified doses and for CYP2C19 ultrarapid metabolizer to avoid escitalopram.,ultra-rapid metabolizer; rapid metabolizer; intermediate metabolizer; poor metabolizer
paroxetine,CYP2D6,,Select an alternative drug rather than paroxetine for CYP2D6 ultrarapid metabolizer patients.,ultra-rapid metabolizer; rapid metabolizer; intermediate metabolizer; poor metabolizer
citalopram,CYP2C19,,The Dutch Pharmacogenetics Working Group Guideline for citalopram recommends for intermediate and poor metabolizers of CYP2C19 to not exceed the in the DPWG document specified daily doses.,intermediate metabolizer; poor metabolizer
glimepiride,CYP2C9,,There are currently no dosing recommendations for glimepiride based on CYP2C9 genotype.,
acenocoumarol,CYP2C9,,There are currently no recommendations for acenocoumarol dosing based on CYP2C9 genotypes.,
sertraline,CYP2C19,,"Do not give doses exceeding 75 mg/day in patients with CYP2C19 poor metabolizer genotypes, and guide the dose by response and side effects and/or sertraline plasma concentration.",ultra-rapid metabolizer; rapid metabolizer; poor metabolizer
flupenthixol,CYP2D6,,There are currently no dosing recommendations for flupenthixol based on CYP2D6 genotype.,
amitriptyline,CYP2D6,,The Dutch Pharmacogenetics Working Group Guideline for amitriptyline recommends decreasing the dose for CYP2D6 intermediate and CYP2D6 poor metabolizers and increasing the dose or using an alternative drug for CYP2D6 ultra-rapid metabolizers.,ultra-rapid metabolizer; rapid metabolizer; intermediate metabolizer; poor metabolizer
tacrolimus,CYP3A5,,Increased doses of tacrolimus are recommended for CYP3A5 heterozygous and homozygous expressors and adjusted as needed. Instructions for liver transplantation patients include genotypes of both patient and donor.,
phenytoin,CYP2C9,,Use the standard starting dose of phenytoin and reduce the maintenance dose based on CYP2C9 genotype; monitor response and serum concentrations and be aware of ADEs.,intermediate metabolizer; poor metabolizer
rabeprazole,CYP2C19,,No action is needed for this gene-drug interaction.,ultra-rapid metabolizer; rapid metabolizer
tolbutamide,CYP2C9,,There are currently no dosing recommendations for tolbutamide based on CYP2C9 genotype.,
lansoprazole,CYP2C19,,"For CYP2C19 ultrarapid metabolizers who are undergoing H. pylori eradication therapy, use a 4-fold higher dose. For CYP2C19 ultrarapid metabolizers with other indications, be alert to reduced effectiveness and, if necessary, use a 4-fold higher dose.",ultra-rapid metabolizer; rapid metabolizer
haloperidol,CYP2D6,,The recommendation for CYP2D6 poor metabolizers is to use 60% of the normal dose of haloperidol and for CYP2D6 ultrarapid metabolizers to use 1.5 times the normal dose or to choose an alternative to haloperidol.,ultra-rapid metabolizer; rapid metabolizer; poor metabolizer
atomoxetine,CYP2D6,,"The Dutch Pharmacogenetics Working Group Guideline for atomoxetine states for CYP2D6 ultrarapid metabolizers, to be alert to reduced efficacy of atomoxetine or select an alternative drug as a precaution. Be alert to side effects in CYP2D6 poor metabolizers.",ultra-rapid metabolizer; rapid metabolizer; poor metabolizer
voriconazole,CYP2C19,,"Patients who are CYP2C19 poor metabolizers should receive 50% of the standard dose, and CYP2C19 ultrarapid metabolizers should receive a 1.5 times higher initial dose. Monitor voriconazole plasma concentrations for CYP2C19 poor, intermediate and ultrarapid metabolizers.",ultra-rapid metabolizer; rapid metabolizer; poor metabolizer
abacavir,HLA-B,,"Avoid abacavir for patients who have the HLA-B*57:01 allele (patients who are ""HLA-B*57:01-positive"").",
zuclopenthixol,CYP2D6,,"For CYP2D6 poor and intermediate metabolizers, reduce zuclopenthixol dose. For ultrarapid metabolizers, if the effectiveness is insufficient a dose increase not exceeding 1.5x normal dose is suggested.",ultra-rapid metabolizer; rapid metabolizer; intermediate metabolizer; poor metabolizer
allopurinol,HLA-B,,Testing for the HLA-B*58:01 allele before starting allopurinol treatment is conditionally recommended for patients of Southeast Asian or African American descent.,
doxepin,CYP2D6,,"The Dutch Pharmacogenetics Working Group Guideline for doxepin recommends dose changes and to monitor the effect and side effects or the plasma concentrations to set the maintenance dose for CYP2D6 poor (PM), intermediate (IM), and ultrarapid (UM) metabolizer or to avoid doxepin in UM.",ultra-rapid metabolizer; rapid metabolizer; intermediate metabolizer; poor metabolizer
metoprolol,CYP2D6,,"For CYP2D6 poor and intermediate metabolizer patients, if a GRADUAL REDUCTION in HEART RATE is desired, or in the event of SYMPTOMATIC BRADYCARDIA, use smaller steps in dose titration and/or prescribe no more than 25% or 50% of the standard dose, respectively. For CYP2D6 ultra metabolizers, use the maximum dose for the relevant indication as a target dose, and if the effectiveness is still insufficient: increase the dose based on effectiveness and side effects to 2.5 times the standard dose or select an alternative drug.",intermediate metabolizer; poor metabolizer
codeine,CYP2D6,,"In the CPIC Dosing Guideline, alternate non-tramadol analgesics are recommended for CYP2D6 ultrarapid and poor metabolizers. A label recommended age- or weight-specific dose of codeine is warranted for CYP2D6 normal and intermediate metabolizers.",ultra-rapid metabolizer; rapid metabolizer; normal metabolizer; intermediate metabolizer; poor metabolizer; indeterminate
abacavir,HLA-B,,"The CPIC dosing guideline does not recommend abacavir for individuals with the HLA-B*57:01 variant allele, and it should be considered only under exceptional circumstances.",
nortriptyline,CYP2D6,,"The CPIC Dosing Guideline update for nortriptyline recommends a 25% dose reduction for CYP2D6 intermediate metabolizers. For CYP2D6 ultrarapid or poor metabolizers, an alternative drug should be considered. If nortriptyline is warranted, consider a 50% dose reduction in CYP2D6 poor metabolizers. CPIC has updated the CYP2D6 genotype-phenotype translation in all supplemental files since the guideline was published.",ultra-rapid metabolizer; rapid metabolizer; normal metabolizer; intermediate metabolizer; poor metabolizer
imipramine,CYP2C19; CYP2D6,,"Tricyclic antidepressants have comparable pharmacokinetic properties, it may be reasonable to apply the CPIC Dosing Guideline for amitriptyline and CYP2C19, CYP2D6 to other tricyclics including imipramine. The CPIC Dosing Guideline update for amitriptyline recommends an alternative drug for CYP2D6 ultrarapid or poor metabolizers and CYP2C19 ultrarapid, rapid or poor metabolizers. If amitriptyline is warranted, consider a 50% dose reduction in CYP2D6 or CYP2C19 poor metabolizers. For CYP2D6 intermediate metabolizers, a 25% dose reduction should be considered. CPIC has updated the CYP2D6 genotyp",ultra-rapid metabolizer; rapid metabolizer; normal metabolizer; intermediate metabolizer; poor metabolizer
doxepin,CYP2C19; CYP2D6,,"Tricyclic antidepressants have comparable pharmacokinetic properties, it may be reasonable to apply the CPIC Dosing Guideline for amitriptyline and CYP2C19, CYP2D6 to other tricyclics including doxepin. The CPIC Dosing Guideline update for amitriptyline recommends an alternative drug for CYP2D6 ultrarapid or poor metabolizers and CYP2C19 ultrarapid, rapid or poor metabolizers. If amitriptyline is warranted, consider a 50% dose reduction in CYP2D6 or CYP2C19 poor metabolizers. For CYP2D6 intermediate metabolizers, a 25% dose reduction should be considered. CPIC has updated the CYP2D6 genotype-p",ultra-rapid metabolizer; rapid metabolizer; normal metabolizer; intermediate metabolizer; poor metabolizer
trimipramine,CYP2C19; CYP2D6,,"Tricyclic antidepressants have comparable pharmacokinetic properties, it may be reasonable to apply the CPIC Dosing Guideline for amitriptyline and CYP2C19, CYP2D6 to other tricyclics including trimipramine. The CPIC Dosing Guideline update for amitriptyline recommends an alternative drug for CYP2D6 ultrarapid or poor metabolizers and CYP2C19 ultrarapid, rapid or poor metabolizers. If amitriptyline is warranted, consider a 50% dose reduction in CYP2D6 or CYP2C19 poor metabolizers. For CYP2D6 intermediate metabolizers, a 25% dose reduction should be considered. CPIC has updated the CYP2D6 genot",ultra-rapid metabolizer; rapid metabolizer; normal metabolizer; intermediate metabolizer; poor metabolizer
desipramine,CYP2D6,,"Tricyclic antidepressants have comparable pharmacokinetic properties, it may be reasonable to apply the CPIC Dosing Guideline for amitriptyline/nortriptyline and CYP2C19, CYP2D6 to other tricyclics including desipramine. The CPIC Dosing Guideline update for nortriptyline recommends a 25% dose reduction for CYP2D6 intermediate metabolizers. For CYP2D6 ultrarapid or poor metabolizers, an alternative drug should be considered. If nortriptyline is warranted, consider a 50% dose reduction in CYP2D6 poor metabolizers. CPIC has updated the CYP2D6 genotype-phenotype translation in all supplemental fil",ultra-rapid metabolizer; rapid metabolizer; normal metabolizer; intermediate metabolizer; poor metabolizer
allopurinol,HLA-B,,The CPIC dosing guideline recommends avoiding allopurinol for individuals with the HLA-B*58:01 variant allele due to significantly increased risk of allopurinol-induced SCAR.,
phenprocoumon,CYP2C9,,There are currently no recommendations for phenprocoumon dosing based on CYP2C9 genotypes.,
simvastatin,SLCO1B1,,"The CPIC dosing guideline recommends prescribing an alternative statin depending on the desired potency for patients with SLCO1B1 decreased function, possible decreased function or poor function phenotype. If simvastatin therapy is warranted in patients with SLCO1B1 decreased or possible decreased phenotype, limit dose to <20mg/day.",indeterminate
amitriptyline,CYP2C19; CYP2D6,,"The CPIC Dosing Guideline update for amitriptyline recommends an alternative drug for CYP2D6 ultrarapid or poor metabolizers and CYP2C19 ultrarapid, rapid or poor metabolizers. If amitriptyline is warranted, consider a 50% dose reduction in CYP2D6 or CYP2C19 poor metabolizers. For CYP2D6 intermediate metabolizers, a 25% dose reduction should be considered. CPIC has updated the CYP2D6 genotype-phenotype translation in all supplemental files since the guideline was published.",ultra-rapid metabolizer; rapid metabolizer; normal metabolizer; intermediate metabolizer; poor metabolizer
clomipramine,CYP2C19; CYP2D6,,"Tricyclic antidepressants have comparable pharmacokinetic properties, it may be reasonable to apply the CPIC Dosing Guideline for amitriptyline and CYP2C19, CYP2D6 to other tricyclics including clomipramine. The CPIC Dosing Guideline update for amitriptyline recommends an alternative drug for CYP2D6 ultrarapid or poor metabolizers and CYP2C19 ultrarapid, rapid or poor metabolizers. If amitriptyline is warranted, consider a 50% dose reduction in CYP2D6 or CYP2C19 poor metabolizers. For CYP2D6 intermediate metabolizers, a 25% dose reduction should be considered. CPIC has updated the CYP2D6 genot",ultra-rapid metabolizer; rapid metabolizer; normal metabolizer; intermediate metabolizer; poor metabolizer
carbamazepine,HLA-A; HLA-B,,"The CPIC Dosing Guideline update for carbamazepine recommends an alternative drug for carbamazepine-naive patients carrying at least one copy of either HLA-B*15:02 or HLA-A*31:01 due to the association of those alleles with an increased risk of Stevens-Johnson syndrome (SJS) and toxic epidermal necrolysis (TEN). In addition, HLA-A*31:01 is associated with an increased risk of drug reaction with eosinophilia and systemic symptoms (DRESS) and maculopapular exanthema (MPE).",
capecitabine,DPYD,,"The CPIC Dosing Guideline for 5-fluorouracil and capecitabine recommends an alternative drug for patients who are DPYD poor metabolizers with an activity score of 0. In those who are poor metabolizers with an activity score of 0.5, an alternative drug is also recommended, but if this is not considered a suitable therapeutic option, 5-fluorouracil or capecitabine should be administered at a strongly reduced dose with early therapeutic drug monitoring. Patients who are intermediate metabolizers with an activity score of 1 or 1.5 should receive a dose reduction of 50%. Patients with the c.[2846A>",normal metabolizer; intermediate metabolizer; poor metabolizer
peginterferon alfa-2a; peginterferon alfa-2b; ribavirin,IFNL3,,IFNL3 (IL28B) variation ( rs12979860 ) is the strongest baseline predictor of response to PEG-interferon-alpha-containing regimens in HCV genotype 1 patients. Patients with the favorable response genotype ( rs12979860 CC) have increased likelihood of response (higher SVR rate) to PEG-interferon-alpha-containing regimens as compared to patients with unfavorable response genotype ( rs12979860 CT or TT). Consider implications before initiating PEG-IFN alpha and RBV containing regimens.,
ivacaftor,CFTR,,"Ivacaftor treatment is recommended only in cystic fibrosis (CF) patients that have certain CFTR variants. See full guideline for disclaimers, further details and supporting evidence. The guideline has been updated since its original publication with more variants listed on the website based on FDA label updates.",
carbamazepine,HLA-A; HLA-B,,The Canadian Pharmacogenomics Network for Drug Safety (CPNDS) clinical recommendation group has published guidelines for the use of HLA-A*31:01 or HLA-B*15:02 genotype when prescribing carbamazepine (CBZ). They recommend that carbamazepine not be prescribed for CBZ-naive patients who carry at least one HLA-A*31:01 or HLA-B*15:02 allele.,
dapsone; methylene blue; pegloticase; rasburicase; tafenoquine; toluidine blue,G6PD,,"The CPIC dosing guideline recommends that high risk drugs should be avoided in G6PD deficient patients with or without chronic non-spherocytic hemolytic anemia (CNSHA). In patients with a G6PD variable or indeterminate phenotype, an enzyme activity test should be carried out before initiating drug therapy. The G6PD gene is located on the X chromosome. Therefore, some patients will only have one copy, whereas others will have two copies. See full guideline for disclaimers, further details and supporting evidence.",indeterminate
codeine,CYP2D6,,"The Canadian Pharmacogenomics Network for Drug Safety (CPNDS) clinical recommendation group has published guidelines for the use of CYP2D6 genotype when prescribing codeine. They recommend that poor metabolizers of CYP2D6 should not receive codeine for pain relief, and ultrametabolizers of CYP2D6 should avoid codeine for pain relief.",ultra-rapid metabolizer; rapid metabolizer; intermediate metabolizer; poor metabolizer
fluorouracil,DPYD,,"The CPIC Dosing Guideline for 5-fluorouracil and capecitabine recommends an alternative drug for patients who are DPYD poor metabolizers with an activity score of 0. In those who are poor metabolizers with an activity score of 0.5, an alternative drug is also recommended, but if this is not considered a suitable therapeutic option, 5-fluorouracil or capecitabine should be administered at a strongly reduced dose with early therapeutic drug monitoring. Patients who are intermediate metabolizers with an activity score of 1 or 1.5 should receive a dose reduction of 50%. Patients with the c.[2846A>",normal metabolizer; intermediate metabolizer; poor metabolizer
tegafur,DPYD,,"As of the November 2017 update of CPIC guidelines regarding fluoropyrimidine dosing, there are no longer dosing recommendations for tegafur based on DPYD genotype. This is due to limited evidence regarding the impact of DPYD variants on tegafur toxicity risk. The guidelines currently only apply to 5-fluorouracil and capecitabine dosing.",
fosphenytoin; phenytoin,CYP2C9; HLA-B,,"The CPIC Dosing Guideline for phenytoin/fosphenytoin recommends not using the drug in individuals with the HLA-B*15:02 allele due to significantly increased risk of phenytoin-induced cutaneous adverse reactions of Stevens-Johnson syndrome (SJS) and toxic epidermal necrolysis (TEN). Additionally, patients with the CYP2C9 poor metabolizer phenotype (activity score of 0 or 0.5) or with a CYP2C9 activity score of 1 may require reduced doses of phenytoin/fosphenytoin.",normal metabolizer; intermediate metabolizer; poor metabolizer; indeterminate
tacrolimus,CYP3A5,,"The CPIC dosing guideline for tacrolimus recommends increasing the starting dose by 1.5 to 2 times the recommended starting dose in patients who are CYP3A5 intermediate or extensive metabolizers, though total starting dose should not exceed 0.3 mg/kg/day. Therapeutic drug monitoring should also be used to guide dose adjustments.",intermediate metabolizer; poor metabolizer
irinotecan,UGT1A1,,"A French joint working group comprising the National Pharmacogenetics Network (RNPGx) and the Group of Clinical Onco-pharmacology (GPCO-Unicancer) has published guidelines for the use of UGT1A1*28 genotype when prescribing irinotecan. They recommend that the dose of irinotecan be reduced in patients with the UGT1A1*28/*28 genotype, and that high-dose irinotecan (>=240 mg/m2) only be prescribed to patients with the UGT1A1*1/*1 genotype. The French National Network of Pharmacogenetics (RNPGx) included recommendations for irinotecan in a 2017 paper on several anti-cancer drugs.",
paroxetine,CYP2D6,,"The CPIC Dosing Guideline for the selective serotonin reuptake inhibitor paroxetine recommends an alternative drug not predominantly metabolized by CYP2D6 for CYP2D6 ultrarapid metabolizers. For CYP2D6 poor metabolizers, consider a 50% reduction in recommended starting dose, slower titration schedule, and a 50% lower maintenance dose.",ultra-rapid metabolizer; rapid metabolizer; normal metabolizer; intermediate metabolizer; poor metabolizer; indeterminate
fluvoxamine,CYP2D6,,The CPIC Dosing Guideline for the selective serotonin reuptake inhibitor fluvoxamine recommends to consider a 25-50% reduction of recommended starting dose and slower titration schedule or use an alternative drug not metabolized by CYP2D6 for CYP2D6 poor metabolizers.,ultra-rapid metabolizer; rapid metabolizer; normal metabolizer; intermediate metabolizer; poor metabolizer; indeterminate
citalopram; escitalopram,CYP2C19,,"The CPIC Dosing Guideline for the selective serotonin reuptake inhibitors citalopram and escitalopram recommends to consider a clinically appropriate antidepressant not predominantly metabolized by CYP2C19 for CYP2C19 ultrarapid, likely poor, and poor metabolizers. In case citalopram or escitalopram are clinically appropriate, dose alterations are recommended.",ultra-rapid metabolizer; rapid metabolizer; normal metabolizer; intermediate metabolizer; likely poor metabolizer; poor metabolizer; indeterminate
sertraline,CYP2B6; CYP2C19,,The CPIC Dosing Guideline for the selective serotonin reuptake inhibitor sertraline recommends to consider a 50% reduction of recommended starting dose and titrate to response or select alternative drug not predominantly metabolized by CYP2C19 for CYP2C19 poor metabolizers.,ultra-rapid metabolizer; rapid metabolizer; normal metabolizer; intermediate metabolizer; likely poor metabolizer; poor metabolizer; indeterminate
atazanavir,UGT1A1,,"The CPIC dosing guideline recommends considering advising individuals who carry two decreased function UGT1A1 alleles about a substantial likelihood of developing jaundice, which may cause non-adherence. The dosing guideline recommends that alternative agents be considered if the risk of non-adherence due to jaundice is high. The risk of discontinuation is low and very low for individuals carrying one, or no decreased function UGT1A1 alleles, respectively. The guideline has been updated since its original publication to change allele function assignments for UGT1A1*60 and UGT1A1*80.",intermediate metabolizer; poor metabolizer
daunorubicin; doxorubicin,RARG; SLC28A3; UGT1A6,,"The Canadian Pharmacogenomics Network for Drug Safety (CPNDS) clinical recommendation group has published guidelines for the use of RARG , SLC28A3 , and UGT1A6 when prescribing anthracyclines for pediatric cancer patients. They recommend that pharmacogenomic testing of RARG rs2229774, SLC28A3 rs7853758, and UGT1A6 *4 (rs17863783) should be performed in all pediatric cancer patients who are treated with daunorubicin or doxorubicin because the association of those genetic variants with anthracycline associated cardiotoxicity (ACT).",
voriconazole,CYP2C19,,"The CPIC dosing guideline for voriconazole recommends selecting an alternative agent that is not dependent on CYP2C19 metabolism in adults who are CYP2C19 ultrarapid metabolizers, rapid metabolizers or poor metabolizers. In pediatric patients, an alternative agent should be used in patients who are ultrarapid metabolizers or poor metabolizers. In pediatric rapid metabolizers, therapy should be initiated at recommended standard case dosing, then therapeutic dosing monitoring should be used to titrate dose to therapeutic trough concentrations.",ultra-rapid metabolizer; rapid metabolizer; normal metabolizer; intermediate metabolizer; poor metabolizer
ondansetron,CYP2D6,,The CPIC dosing guideline for ondansetron recommends selecting an alternate drug for CYP2D6 ultrarapid metabolizers. It is recommended that the alternate drug not be predominantly metabolized by CYP2D6 (eg. granisetron). CPIC has updated the CYP2D6 genotype-phenotype translation in all supplemental files since the guideline was published.,ultra-rapid metabolizer; rapid metabolizer; normal metabolizer; intermediate metabolizer; poor metabolizer
tropisetron,CYP2D6,,The CPIC dosing guideline for tropisetron recommends selecting an alternate drug for CYP2D6 ultrarapid metabolizers. It is recommended that the alternate drug not be predominantly metabolized by CYP2D6 (eg. granisetron). CPIC has updated the CYP2D6 genotype-phenotype translation in all supplemental files since the guideline was published.,ultra-rapid metabolizer; rapid metabolizer; normal metabolizer; intermediate metabolizer; poor metabolizer
cisplatin,TPMT,A,"The Canadian Pharmacogenomics Network for Drug Safety (CPNDS) clinical recommendation group has published guidelines for the use of pharmacogenetic testing for TPMT gene variants when prescribing cisplatin in pediatric cancer patients. They recommend testing for the TPMT alleles *2, *3A, *3B or *3C in all pediatric cancer patients due to the association of these alleles with an increased risk of cisplatin-induced ototoxicity.",
warfarin,CYP2C9; VKORC1,B,The Canadian Pharmacogenomics Network for Drug Safety (CPNDS) clinical recommendation group has published guidelines for the use of pharmacogenetic testing for variants in VKORC1 and CYP2C9 in adult and pediatric patients with an indication for warfarin. They recommend testing for the VKORC1 SNP -1639G>A (rs9923231) and the CYP2C9 alleles *2 and *3 in order to better guide warfarin dosage.,
tamoxifen,CYP2D6,,"The CPIC Dosing Guideline for tamoxifen recommends the use of alternative hormonal therapy such as an aromatase inhibitor for postmenopausal women or aromatase inhibitor along with ovarian function suppression in premenopausal women for CYP2D6 poor metabolizer, if aromatase inhibitor use is not contraindicated. For CYP2D6 intermediate metabolizers the recommendation is to consider the recommendations stated for the CYP2D6 poor metabolizer. If aromatase inhibitor use is contraindicated, consideration should be given to use a higher but FDA approved tamoxifen dose for CYP2D6 intermediate metabol",ultra-rapid metabolizer; rapid metabolizer; normal metabolizer; intermediate metabolizer; poor metabolizer
oxcarbazepine,HLA-B,,The CPIC Dosing Guideline for oxcarbazepine recommends an alternative drug for oxcarbazepine-naive patients carrying at least one copy of HLA-B*15:02 due to the association of this allele with an increased risk of Stevens-Johnson syndrome (SJS) and toxic epidermal necrolysis (TEN).,
ivacaftor,CFTR,,"Ivacaftor is suggested for some cystic fibrosis patients with specific CFTR gating mutations, including the R117H or G551D variants. Note that the guideline also suggests that ivacaftor should not be used in patients with at least one R117H mutation who are aged under 6 years or aged 12-17 years and with ppFEV1 greater than 90% predicted.",
tamoxifen,CYP2D6,,The Canadian Pharmacogenomics Network for Drug Safety (CPNDS) clinical recommendation group has published clinical practice guidelines for CYP2D6 as a treatment decision aid for ER-positive non-metastatic breast cancer patients. The guidelines recommend that alternatives to standard tamoxifen treatments may be considered in CYP2D6 poor or intermediate metabolizers with an emphasis on the use of comprehensive CYP2D6 genotyping panels in guiding treatment decisions.,ultra-rapid metabolizer; rapid metabolizer; intermediate metabolizer; poor metabolizer
atomoxetine,CYP2D6,,"The CPIC Dosing Guideline for atomoxetine provides therapeutic recommendations for CYP2D6 ultrarapid, normal, intermediate, and poor metabolizer, which includes guidance for plasma drug concentration testing, as a means to estimate atomoxetine exposure, if no clinical response and in the absence of adverse events after 2 weeks of therapy. CPIC has updated the CYP2D6 genotype-phenotype translation in all supplemental files since the guideline was published.",ultra-rapid metabolizer; rapid metabolizer; normal metabolizer; intermediate metabolizer; poor metabolizer
efavirenz,CYP2B6,,"The CPIC Dosing Guideline for efavirenz recommends initiating efavirenz with a decreased dose of either 400 or 200 mg/day for patients who are CYP2B6 poor metabolizers, and a decreased dose of 400 mg/day for patients who are CYP2B6 intermediate metabolizers.",ultra-rapid metabolizer; rapid metabolizer; normal metabolizer; intermediate metabolizer; poor metabolizer
quinidine,CYP2D6,,There are currently no dosing recommendations for quinidine based on CYP2D6 genotypes.,
mirtazapine,CYP2C19,,There are currently no dosing recommendations for mirtazapine based on CYP2C19 genotypes.,
ticagrelor,CYP2C19,,There are currently no dosing recommendations for ticagrelor based on CYP2C19 genotypes.,
methylphenidate,CYP2D6,,There are currently no dosing recommendations for methylphenidate based on CYP2D6 genotype.,
gefitinib,CYP2D6,,There are currently no dosing recommendations for gefitinib based on CYP2D6 genotype.,
flucloxacillin,HLA-B,,"Monitor for liver function and select an alternative drug instead of flucloxacillin if liver enzymes or bilirubin is elevated, for patients that are HLA-B*57:01.",
disopyramide,CYP2D6,,There are currently no dosing recommendations for disopyramide based on CYP2D6 genotype.,
fluvoxamine,CYP2D6,,There are currently no dosing recommendations for fluvoxamine based on CYP2D6 genotype.,
fluvoxamine,CYP2C19,,There are currently no dosing recommendations for fluvoxamine based on CYP2C19 genotypes.,
amiodarone,CYP2D6,,There are currently no dosing recommendations for amiodarone based on CYP2D6 genotype.,
bisoprolol,CYP2D6,,There are currently no dosing recommendations for bisoprolol based on CYP2D6 genotype.,
citalopram; escitalopram,CYP2D6,,There are currently no dosing recommendations for citalopram/escitalopram based on CYP2D6 genotype.,
clonidine,CYP2D6,,There are currently no dosing recommendations for clonidine based on CYP2D6 genotype and DPWG suggest clonidine as possible alternative for atomoxetine in variant CYP2D6 metabolisers.,
pimozide,CYP2D6,,Patients who are CYP2D6 intermediate metabolizers should be given no more than 80% of the standard maximum dose of pimozide while patients who are CYP2D6 poor metabolizers should be given no more than 50% of the standard maximum dose.,ultra-rapid metabolizer; rapid metabolizer; intermediate metabolizer; poor metabolizer
prasugrel,CYP2C19,,There are currently no dosing recommendations for prasugrel based on CYP2C19 genotypes.,
sertraline,CYP2D6,,There are currently no dosing recommendations for sertraline based on CYP2D6 genotypes.,
atenolol,CYP2D6,,There are currently no dosing recommendations for atenolol based on CYP2D6 genotype.,
eliglustat,CYP2D6,,"The Dutch Pharmacogenetics Working Group Guideline for eliglustat recommends to use an alternative in CYP2D6 ultrarapid metabolizer. For CYP2D6 poor metabolizer in combination with CYP3A inhibitors and strong inducers, the guideline recommends to choose an alternative if possible. For intermediate metabolizers recommendations are provided for renal and hepatic impairment.",ultra-rapid metabolizer; rapid metabolizer; intermediate metabolizer; poor metabolizer
warfarin,VKORC1,,Patients with the VKORC1 rs9923231 TT genotype (-1639 AA genotype) should be given 60% of the standard initial dose of warfarin. The genotype-specific initial dose and maintenance dose can be calculated using an algorithm. There are no recommendation for patients with the VKORC1 rs9923231 CT genotype (-1639 AG genotype).,
warfarin,CYP2C9,,"Reduce warfarin dose in CYP2C9 poor and intermediate metabolizers (PM and IM) and patients with CYP2C9*1/*3, *2/*3, *2/*2 or *3/*3 genotype. The genotype-specific initial dose and maintenance dose can be calculated using an algorithm, as used in EU-PACT.",intermediate metabolizer
atorvastatin,SLCO1B1,,"Choose an alternative for patients with the SLCO1B1 521 CC or TC (rs4149056) genotype and with ADDITIONAL SIGNIFICANT RISK FACTORS for statin-induced myopathy. For patients without additional significant risk factors for statin-induced myopathy, advise the patients to contact their doctor in the event of muscle symptoms.",
simvastatin,SLCO1B1,,"Choose an alternative for patients with the SLCO1B1 521 CC or TC (rs4149056) genotype and consider any additional risk factors for statin-induced myopathy. If an alternative is not an option for patients with the 521 TC genotype, avoid simvastatin doses exceeding 40 mg/day and advise the patient to contact their doctor in the event of muscle symptoms.",
fluvastatin,SLCO1B1,,There are currently no recommendations for fluvastatin dosing based on SLCO1B1 genotypes.,
efavirenz,CYP2B6,,"Adjust the initial efavirenz dose for patients with the CYP2B6 PM phenotype along with the consideration of age, weight and BMI and titrate the dose to plasma concentration if needed. For patients with the CYP2B6 IM phenotype, determine the efavirenz plasma concentration if side effects occur and reduce the dose if needed.",
fluoxetine,CYP2D6,,There are currently no dosing recommendations for fluoxetine based on CYP2D6 genotype.,
quetiapine,CYP2D6,,There are currently no dosing recommendations for quetiapine based on CYP2D6 genotype.,
sotalol,CYP2D6,,There are currently no dosing recommendations for sotalol based on CYP2D6 genotype.,
amitriptyline,CYP2C19,,There are currently no dosing recommendations for amitriptyline based on CYP2C19 genotype.,
brexpiprazole,CYP2D6,,The Royal Dutch Pharmacists Association - Pharmacogenetics Working Group (DPWG) recommends to use half of the normal dose of brexpiprazole for poor metabolizers of CYP2D6.,poor metabolizer
clomipramine,CYP2C19,,The Royal Dutch Pharmacists Association - Pharmacogenetics Working Group (DPWG) recommends to avoid clomipramine in CYP2C19 ultrarapid metabolizer (UM) for Indication OBSESSIVE COMPULSIVE DISORDER or ANXIETY DISORDERS.,ultra-rapid metabolizer; rapid metabolizer
doxepin,CYP2C19,,There are currently no dosing recommendations for doxepin based on CYP2C19 genotype.,
thioguanine,NUDT15,,Select an alternative drug or reduce the initial dose of thioguanine for patients that are NUDT15 poor metabolizers and reduce initial dose for patients that are NUDT15 intermediate metabolizers.,intermediate metabolizer; poor metabolizer
mercaptopurine,NUDT15,,Select an alternative drug or reduce the initial dose of mercaptopurine for patients that are NUDT15 poor metabolizers and reduce initial dose for patients that are NUDT15 intermediate metabolizers.,intermediate metabolizer; poor metabolizer
azathioprine,NUDT15,,Select an alternative drug or reduce the initial dose of azathioprine for patients that are NUDT15 poor metabolizers and reduce initial dose for patients that are NUDT15 intermediate metabolizers.,intermediate metabolizer; poor metabolizer
celecoxib; flurbiprofen; ibuprofen; lornoxicam,CYP2C9,C,"The CPIC Dosing Guideline for celecoxib, flurbiprofen, ibuprofen and lornoxicam recommends initiating therapy with 25-50% of the lowest recommended starting dose for CYP2C9 poor metabolizers and initiating therapy with lowest recommended starting dose for CYP2C9 intermediate metabolizers with activity score of 1. See full guideline for further details and supporting evidence.",normal metabolizer; intermediate metabolizer; poor metabolizer; indeterminate
meloxicam,CYP2C9,C,"The CPIC Dosing Guideline for meloxicam recommends alternative therapy for CYP2C9 poor metabolizers due to markedly prolonged half-life, and initiating therapy with 50% of the lowest recommended starting dose or choose an alternative therapy for CYP2C9 intermediate metabolizers with activity score of 1. See full guideline for further details and supporting evidence.",normal metabolizer; intermediate metabolizer; poor metabolizer; indeterminate
piroxicam,CYP2C9,C,The CPIC Dosing Guideline for piroxicam recommends that CYP2C9 poor metabolizers and intermediate metabolizers with activity score of 1 should choose an alternative therapy not metabolized by CYP2C9 or not significantly impacted by CYP2C9 genetic variants in vivo or choose an NSAID metabolized by CYP2C9 but with a shorter half-life. See full guideline for further details and supporting evidence.,normal metabolizer; intermediate metabolizer; poor metabolizer; indeterminate
tenoxicam,CYP2C9,C,The CPIC Dosing Guideline for tenoxicam recommends that CYP2C9 poor metabolizers and intermediate metabolizers with activity score of 1 should choose an alternative therapy not metabolized by CYP2C9 or not significantly impacted by CYP2C9 genetic variants in vivo or choose an NSAID metabolized by CYP2C9 but with a shorter half-life. See full guideline for further details and supporting evidence.,normal metabolizer; intermediate metabolizer; poor metabolizer; indeterminate
tacrolimus,CYP3A4; CYP3A5,,"Testing for the CYP3A5*3 and CYP3A4*22 alleles is recommended in patients receiving a kidney, heart or lung transplant. CYP3A extensive or intermediate meatbolizers (EMs or IMs) should be given an initial dose of tacrolimus 1.5-2 times higher than that recommended for CYP3A poor metabolizers (PMs), up to a maximum dose of 0.30 mg/kg/day.",poor metabolizer
clopidogrel,CYP2C19,,"Testing for the main CYP2C19 deficiency alleles before instituting clopidogrel treatment is recommended (a test is essential for coronary angioplasty with stenting and based on the current state of knowledge this test is potentially useful in the other indications). For patients carrying at least one deficiency allele, the RNPGx recommends using an alternative treatment that is not a CYP2C19 substrate (eg. prasugrel, ticagrelor).",
azathioprine,TPMT,,"Testing for TPMT genotype and phenotype is recommended for patients who are receiving azathioprine as an immunosuppressant. A dose reduction should be considered for patients with intermediate TPMT activity, while a greater dose reduction or selection of an alternate drug should be considered for patients with low TPMT activity.",
HMG-CoA reductase inhibitors; simvastatin,SLCO1B1,,"Testing for rs4149056 before starting statin treatment, or early after treatment onset (potentially useful test) is recommended in patients with one or more risk factors described (as a function of statin type and dose, co-medications, and the pathophysiological or genetic setting). If the genotype is not known early, the RNPGx considers that a polymorphism test is potentially useful in the event of muscle toxicity in patients treated with statins, in order to rule out or confirm a genetic cause.",
acenocoumarol; fluindione; warfarin,CYP2C9; VKORC1,,Testing for VKORC1/CYP2C9 genotype is advisable to determine the optimal dose and to orient the prescription to an alternative therapeutic option such as a direct-action oral anticoagulant before initiating vitamin K antagonists (VKA) treatment. Testing is also advisable to explain an hemorrhagic event or VKA resistance after treatment initiation.,
antidepressants,CYP2C19; CYP2D6,,"The French National Network of Pharmacogenetics (Réseau national de pharmacogénétique (RNPGx)) recommends CYP2D6 and CYP2C19 genotyping before initiating an antidepressant treatment, especially in patients with a high risk of toxicity.",
capecitabine; fluorouracil,DPYD,,"The French National Network of Pharmacogenetics (Réseau national de pharmacogénétique (RNPGx)) recommends testing for DPYD deficiency before initiating a treatment regimen based on 5-FU or capecitabine, with dose reductions for DPYD partial deficiency and contraindicates fluoropyrimidines in patients with complete deficiency.",
mercaptopurine,TPMT,,The French National Network of Pharmacogenetics (Réseau national de pharmacogénétique (RNPGx)) recommends testing for TPMT.,
methotrexate,ABCB1; MTHFR; SLC19A1; SLCO1B1,,The French National Network of Pharmacogenetics (Réseau national de pharmacogénétique (RNPGx)) states that methotrexate pharmacogenetic tests are potentially useful in cancer patients.,
tamoxifen,CYP2D6,,The French National Network of Pharmacogenetics (Réseau national de pharmacogénétique (RNPGx)) states that there is no recommendation for genotyping CYP2D6 in all patients starting a tamoxifen regimen.,
siponimod,CYP2C9,,"The Dutch Pharmacogenetics Working Group Guideline for siponimod recommends decreasing the dose for CYP2C9 *1/*3, *2/*3 genotypes or CYP2C9 intermediate metabolizer (not including *2 and *3) and to avoid siponimod for the CYP2C9 *3/*3 genotype or CYP2C9 poor metabolizer (two alleles with no/decreased enzyme activity, of which at least one other than *2 or *3).",intermediate metabolizer; poor metabolizer
lansoprazole; omeprazole; pantoprazole,CYP2C19,,"The CPIC Dosing Guideline for omeprazole, lansoprazole, pantoprazole recommends to increase the starting daily dose and to monitor efficacy in CYP2C19 ultrarapid metabolizer. For CYP2C19 rapid and normal metabolizers, a dose increase might be considered for the treatment of H. pylori infection and erosive esophagitis. The recommendations for intermediate and poor metabolizer for chronic therapy (>12 weeks) and efficacy achieved is to consider 50% reduction in daily dose. See full guideline for further details and supporting evidence.",ultra-rapid metabolizer; rapid metabolizer; normal metabolizer; intermediate metabolizer; likely poor metabolizer; poor metabolizer; indeterminate
dexlansoprazole,CYP2C19,C,"The CPIC Dosing Guideline recommendations for dexlansoprazole are based on the similarity in its metabolism and lansoprazole and extrapolated from the first-generation PPIs. The guideline recommends to increase the starting daily dose and to monitor efficacy in CYP2C19 ultrarapid metabolizer. For CYP2C19 rapid and normal metabolizers, a dose increase might be considered for the treatment of H. pylori infection and erosive esophagitis. The recommendations for intermediate and poor metabolizers for chronic therapy (>12 weeks) and efficacy achieved is to consider 50% reduction in daily dose. See ",ultra-rapid metabolizer; rapid metabolizer; normal metabolizer; intermediate metabolizer; likely poor metabolizer; poor metabolizer; indeterminate
esomeprazole; rabeprazole,CYP2C19,C,The CPIC Dosing Guideline for CYP2C19 and Proton Pump Inhibitor Dosing states that inconsistent findings regarding the effect of CYP2C19 genotype on the pharmacokinetics and therapeutic response to esomeprazole and rabeprazole preclude making recommendations for these proton pump inhibitors.,
diclofenac; ibuprofen,CYP2C8,,There are currently no recommendations for NSAIDs dosing based on CYP2C8 genotypes.,
aceclofenac; aspirin; diclofenac; dipyrone; indomethacin; lumiracoxib; nabumetone; naproxen,CYP2C9,C,"There are currently no recommendations for dosing of aceclofenac, aspirin, diclofenac, indomethacin, lumiracoxib, metamizole, nabumetone and naproxen based on CYP2C9 genotypes.",
flucytosine,DPYD,,The Dutch Pharmacogenetics Working Group Guideline for flucytosine states that patients with a DPYD activity score of 0 should avoid flucytosine. Patients with a DPYD activity score of 1 or 1.5 should be alert to the occurrence of severe side effects and flucytosine should be stopped if severe side effects occur.,
alfentanil; buprenorphine; codeine; fentanyl; hydrocodone; hydromorphone; levomethadone; morphine; naltrexone; remifentanil; sufentanil; tramadol,COMT; OPRM1,,"There are currently no recommendations for dosing of alfentanil, buprenorphine, codeine, fentanyl, hydrocodone, hydromorphone, levomethadone, naltrexone, remifentanil, sufentanil or tramadol based on OPRM1 or COMT genotypes.",
methadone; oxycodone,COMT; CYP2D6; OPRM1,,"There are currently no recommendations for dosing of methadone or oxycodone based on CYP2D6, OPRM1 or COMT genotypes.",ultra-rapid metabolizer; rapid metabolizer; normal metabolizer; intermediate metabolizer; poor metabolizer; indeterminate
tramadol,CYP2D6,,"In the CPIC Dosing Guideline, alternate non-codeine analgesics are recommended for CYP2D6 ultrarapid and poor metabolizers. A label recommended age- or weight-specific dose of tramadol is warranted for CYP2D6 normal and intermediate metabolizers.",ultra-rapid metabolizer; rapid metabolizer; normal metabolizer; intermediate metabolizer; poor metabolizer; indeterminate
hydrocodone,CYP2D6,C,"The CPIC Dosing Guideline recommends that CYP2D6 intermediate and poor metabolizers should initiate hydrocodone therapy using the label recommended age- or weight-specific dosing. However, if there is no response to hydrocodone in these patients, an alternative analgesic should be considered. There is insufficient evidence to provide a dosing recommendation for hydrocodone in CYP2D6 ultrarapid metabolizers.",ultra-rapid metabolizer; rapid metabolizer; normal metabolizer; intermediate metabolizer; poor metabolizer; indeterminate
amikacin; dibekacin; gentamicin; kanamycin; neomycin; netilmicin; paromomycin; plazomicin; ribostamycin; streptomycin; tobramycin,MT-RNR1,,"The CPIC dosing guideline recommends that administration of aminoglycoside antibiotics should be avoided in patients carrying certain MT-RNR1 variants due to the increased risk of developing aminoglycoside-induced hearing loss (AIHL). The guideline has been updated online since the publication to correct a variant allele, add several more drugs and to clarify that vaccine schedules should still be followed.",
capecitabine; fluorouracil; tegafur,DPYD,,"Testing for certain DPYD variants in patients who are candidates for fluoropyrimidine treatment is recommended. The guideline contraindicates fluoropyrimidines in DPYD poor metabolizers, while DYPD intermediate metabolizers should have a 50% reduction in starting dose.",normal metabolizer; intermediate metabolizer; poor metabolizer
voriconazole,CYP2C19,,An alternative antifungal agent should be considered instead of voriconazole in patients who are known to be CYP2C19 ultrarapid metabolizers. CYP2C19 genotyping and use of an alternative antifungal agent is also recommended in patients with subtherapeutic voriconazole serum concentrations despite two dose adjustments.,ultra-rapid metabolizer; rapid metabolizer
atorvastatin,SLCO1B1,,The CPIC dosing guideline recommends prescribing ≤20mg for patients with SLCO1B1 poor function phenotype and ≤40mg for patients with SLCO1B1 decreased or possible decreased phenotype as a starting dose. Adjust doses of atorvastatin based on disease-specific guidelines. Prescriber should be aware of possible increased risk for myopathy especially for 40mg dose.,indeterminate
lovastatin,SLCO1B1,,"The CPIC dosing guideline recommends prescribing an alternative to lovastatin depending on the desired potency for patients with SLCO1B1 decreased function, possible decreased function or poor function phenotype. If lovastatin therapy is warranted in patients with SLCO1B1 decreased or possible decreased phenotype, limit dose to <20mg/day.",indeterminate
pitavastatin,SLCO1B1,,The CPIC dosing guideline recommends prescribing ≤1mg as a starting dose for patients with SLCO1B1 poor function phenotype. Prescribe ≤2mg as a starting dose for patients with SLCO1B1 decreased or possible decreased phenotype. Adjust doses of pitavastatin based on disease-specific guidelines. Consider an alternative statin or combination therapy if higher doses are needed.,indeterminate
pravastatin,SLCO1B1,,The CPIC dosing guideline recommends prescribing ≤40mg as a starting dose and adjust doses of pravastatin based on disease-specific guidelines for patients with SLCO1B1 poor function phenotype. Prescribe desired starting dose and adjust doses of pravastatin based on disease-specific guidelines for patients with SLCO1B1 decreased or possible decreased phenotype. Prescriber should be aware of possible increased risk for myopathy with pravastatin especially with doses >40mg per day.,indeterminate
rosuvastatin,ABCG2; SLCO1B1,,"The CPIC dosing guideline recommends prescribing ≤20mg as a starting dose and adjust doses of rosuvastatin based on disease-specific and specific population guidelines for patients who are SLCO1B1 or ABCG2 poor function phenotype. If dose >20mg needed for desired efficacy, consider combination therapy (i.e. rosuvastatin plus non-statin guideline directed medical therapy). Patients with both ABCG2 poor function and SLCO1B1 poor/decreased function should be prescribed ≤10mg as a starting dose.",indeterminate
fluvastatin,CYP2C9; SLCO1B1,,"The CPIC dosing guideline recommends that CYP2C9 IMs avoid fluvastatin doses greater than 40mg while CYP2C9 PMs should avoid doses greater than 20mg. If higher doses are required for desired efficacy, an alternative statin should be considered. Patients with SLCO1B1 poor function should also avoid fluvastatin doses greater than 40mg and and adjust doses of fluvastatin based on disease-specific guidelines. Patients with both SLCO1B1 poor function and CYP2C9 IM/PM should be prescribed an alternative statin depending on the desired potency.",normal metabolizer; intermediate metabolizer; poor metabolizer; indeterminate
atorvastatin; fluvastatin; lovastatin; pitavastatin; pravastatin; simvastatin,ABCG2,C,"The CPIC dosing guideline provides no recommendations for atorvastatin, lovastatin, fluvastatin, pravastatin, pitavastatin and simvastatin dosing based on ABCG2 genotypes.",
phenytoin,HLA-B,,Phenytoin should be avoided if possible in patients with the HLA-B*15:02 allele.,
methylphenidate,COMT,,There are currently no dosing recommendations for methylphenidate based on COMT genotype.,
allopurinol,ABCG2,,Patients with the GT or TT genotypes at rs2231142 should be given an increased dose of allopurinol.,
folic acid,MTHFR,,There are currently no recommendations for folic acid dosing based on MTHFR rs1801133 genotypes.,
methotrexate,MTHFR,,There are currently no recommendations for methotrexate dosing based on MTHFR rs1801133 genotypes.,
allopurinol,HLA-B,,Individuals with the HLA-B*58:01 allele should be given an alternative drug or undergo induction of allopurinol tolerance.,
carbamazepine,HLA-A,,Consider an alternative drug to carbamazepine in patients with the HLA-A*3101 allele.,
carbamazepine,HLA-B,,Consider an alternative drug to carbamazepine in patients with the HLA-B*15:02 or HLA-B*15:11 alleles.,
oxcarbazepine,HLA-B,,Oxcarbazepine should be avoided if an alternative is available in patients with the HLA-B*15:02 allele.,
paclitaxel,CYP3A4,,There are currently no recommendations for paclitaxel dosing based on CYP3A4 genotypes.,
olanzapine,CYP1A2,,There are currently no recommendations for olanzapine dosing based on CYP1A2 genotypes.,
clozapine,CYP1A2,,There is no gene-drug interaction between CYP1A2 and clozapine.,
lamotrigine,HLA-B,,"Avoid lamotrigine in patients with HLA-B*15:02 if an alternative is available. If avoidance is not possible, advise to report any rash immediately.",
quetiapine,CYP3A4,,"Patients who are CYP3A4 poor metabolizers and being treated for depression should be given an alternative drug. Patients being treated for other indications and who are CYP3A4 poor metabolizers should be given a reduced dose of quetiapine. No action is needed for patients who are CYP3A4 intermediate metabolizers. ClinPGx uses CYP3A4 allele nomenclature as defined by PharmVar , while the current version of this guideline issued by the DPWG uses retired allele names. Further details are given on the DPWG curation page .",intermediate metabolizer; poor metabolizer
atorvastatin; fluvastatin; lovastatin; pitavastatin; pravastatin; rosuvastatin; simvastatin,CYP3A4; CYP3A5; HMGCR,,"The CPIC dosing guideline provides no recommendations for atorvastatin, lovastatin, fluvastatin, pravastatin, pitavastatin, rosuvastatin and simvastatin dosing based on HMGCR, CYP3A4 or CYP3A5 genotypes.",
chlorpropamide; dabrafenib; gliclazide; glimepiride; glipizide; mesalazine; moxifloxacin; nicorandil; nitrofurazone; probenecid; quinacrine; sodium nitrate; sulfacetamide; tolazamide; trametinib,G6PD,C,"The CPIC dosing guideline does not provide recommendations for dosing of chlorpropamide, dabrafenib, gliclazide, glimepiride, glipizide, mepacrine (aka quinacrine), mesalazine, moxifloxacin, nicorandil, nitrofural (aka nitrofurazone), probenecid, sodium nitrate, sulfacetamide, tolazamide or trametinib based on G6PD genotype.",
aspirin,G6PD,C,"The CPIC dosing guideline does not provide or recommend changing prescribing actions based on G6PD genotype for aspirin at any dose. There is no reason to avoid aspirin at doses of ≤1g/day in patients with the G6PD deficient or G6PD variable phenotypes. In patients who are G6PD deficient with chronic non-spherocytic hemolytic anemia (CNSHA), aspirin ≤1g/day should be used with caution and close monitoring for acute exacerbation of chronic hemolysis is recommended. CPIC gives a 'no recommendation' for the use of G6PD genotype for prescribing aspirin at doses >1g/day.",indeterminate
primaquine,G6PD,,"The CPIC dosing guideline recommends that primaquine should be avoided in G6PD deficient patients with or without chronic non-spherocytic hemolytic anemia (CNSHA) in most cases, with some exceptions for G6PD deficient patients without CNSHA. In patients with a G6PD variable or indeterminate phenotype, an enzyme activity test should be carried out before initiating drug therapy. The G6PD gene is located on the X chromosome. Therefore, some patients will only have one copy, whereas others will have two copies. See full guideline for disclaimers, further details and supporting evidence.",indeterminate
nitrofurantoin,G6PD,,"The CPIC dosing guideline recommends that nitrofurantoin should be use with caution in G6PD deficient patients without chronic non-spherocytic hemolytic anemia (CNSHA) and completely avoided by G6PD deficient patients with CNSHA. In patients with a G6PD variable or indeterminate phenotype, an enzyme activity test should be carried out before initiating drug therapy. The G6PD gene is located on the X chromosome. Therefore, some patients will only have one copy, whereas others will have two copies. See full guideline for disclaimers, further details and supporting evidence.",indeterminate
aminosalicylic acid; chloramphenicol; chloroquine; ciprofloxacin; dimercaprol; doxorubicin; furazolidone; glyburide; hydroxychloroquine; mafenide; nalidixic acid; norfloxacin; ofloxacin; phenazopyridine; quinine; sulfadiazine; sulfamethazine; sulfamethoxazole; sulfamethoxazole / trimethoprim; sulfanilamide; sulfasalazine; sulfisoxazole; tolbutamide; vitamin c; Vitamin K and analogues,G6PD,C,"The CPIC dosing guideline does not recommend changing prescribing actions based on G6PD genotype for low-to-no risk drugs. There is no reason to avoid low-to-no risk drugs in patients with the G6PD deficient or G6PD variable phenotypes. In patients who are G6PD deficient with chronic non-spherocytic hemolytic anemia (CNSHA), low-to-no risk drugs should be used with caution and close monitoring for acute exacerbation of chronic hemolysis is recommended.",indeterminate
venlafaxine,CYP2D6,,The CPIC Dosing Guideline for venlafaxine recommends to consider a clinically appropriate alternative antidepressant not predominantly metabolized by CYP2D6 for CYP2D6 poor metabolizers.,ultra-rapid metabolizer; rapid metabolizer; normal metabolizer; intermediate metabolizer; poor metabolizer; indeterminate
vortioxetine,CYP2D6,,"The CPIC Dosing Guideline for vortioxetine recommends for CYP2D6 ultrarapid metabolizers to select alternative drug not predominantly metabolized by CYP2D6. For poor metabolizer, initiate 50% of starting dose and titrate to the maximum recommended dose of 10 mg or consider a clinically appropriate alternative antidepressant not predominantly metabolized by CYP2D6.",ultra-rapid metabolizer; rapid metabolizer; normal metabolizer; intermediate metabolizer; poor metabolizer; indeterminate
fluoxetine,CYP2D6,,There are currently no recommendations for dosing of fluoxetine based on CYP2D6 genotypes.,ultra-rapid metabolizer; rapid metabolizer; normal metabolizer; intermediate metabolizer; poor metabolizer
duloxetine,CYP2D6,C,There are currently no recommendations for dosing of duloxetine based on CYP2D6 genotypes.,
citalopram; escitalopram,HTR2A,C,There are currently no recommendations for dosing of escitalopram and citalopram based on HTR2A genotypes.,
desvenlafaxine; duloxetine; fluoxetine; fluvoxamine; levomilnacipran; milnacipran; paroxetine; sertraline; venlafaxine; vilazodone; vortioxetine,HTR2A,C,"There are currently no recommendations for dosing of fluoxetine, fluvoxamine, paroxetine, sertraline, duloxetine, venlafaxine, desvenlafaxine, vilazodone, vortioxetine, levomilnacipran, or milnacipran based on HTR2A genotypes.",
citalopram; desvenlafaxine; duloxetine; escitalopram; fluoxetine; fluvoxamine; levomilnacipran; milnacipran; paroxetine; sertraline; venlafaxine; vilazodone; vortioxetine,SLC6A4,C,"There are currently no recommendations for dosing of escitalopram, citalopram, fluoxetine, fluvoxamine, paroxetine, sertraline, duloxetine, venlafaxine, desvenlafaxine, vilazodone, vortioxetine, levomilnacipran, or milnacipran based on SLC6A4 genotypes.",
desflurane; enflurane; halothane; isoflurane; methoxyflurane; sevoflurane; succinylcholine,CACNA1S; RYR1,,"The CPIC Dosing Guideline recommends that halogenated volatile anesthetics such as desflurane, enflurane, halothane, isoflurane, methoxyflurane, sevoflurane and the depolarizing muscle relaxants succinylcholine are relatively contraindicated in persons with malignant hyperthermia susceptibility (MHS). The guideline has been updated online since its original publication, primarily to include more variants and align with the ClinGen variant curation expert panel (VCEP) for RYR1.",
capecitabine; fluorouracil; tegafur,DPYD,,"An Italian working group comprising the Italian Association of Medical Oncology (AIOM) and the Italian Society of Pharmacology (SIF) has published recommendations for the use of DPYD genotype when prescribing fluoropyrimidines (5-fluorouracil, capecitabine and tegafur).",
irinotecan,UGT1A1,,An Italian working group comprising the Italian Association of Medical Oncology (AIOM) and the Italian Society of Pharmacology (SIF) has published recommendations for the use of UGT1A1*28 (TA7 repeats) genotype when prescribing irinotecan.,
metoprolol,CYP2D6,,"The CPIC Dosing Guideline for metoprolol recommends that patients who are CYP2D6 poor metabolizers initiate therapy at the lowest recommended starting dose and carefully titrate upwards to clinical effect or guideline-recommended dose. Alternatively, a different beta-blocker may be selected. There is no recommendation for CYP2D6 ultrarapid metabolizers.",ultra-rapid metabolizer; rapid metabolizer; normal metabolizer; intermediate metabolizer; poor metabolizer; indeterminate
acebutolol; betaxolol; bisoprolol; carvedilol; nebivolol; propranolol,CYP2D6,C,"There are currently no recommendations for dosing of acebutolol, betaxolol, bisoprolol, carvedilol, nebivolol or propranolol based on CYP2D6 genotypes.",ultra-rapid metabolizer; rapid metabolizer; normal metabolizer; intermediate metabolizer; poor metabolizer; indeterminate
acebutolol; atenolol; betaxolol; bisoprolol; carvedilol; esmolol; labetalol; metoprolol; nadolol; nebivolol; pindolol; propranolol; sotalol,ADRA2C; ADRB1; GRK4; GRK5,C,"There are currently no recommendations for dosing of orally administered beta-blockers based on ADRB1, ADRA2C, GRK4 and/or GRK5 genotypes.",
carvedilol; labetalol; nadolol; pindolol; propranolol; sotalol,ADRB2,C,"There are currently no recommendations for dosing of carvedilol, labetalol, nadolol, pindolol, propranolol or sotalol based on ADRB2 genotypes.",
clopidogrel,CYP2C19,,The American Heart Association has a statement of CYP2C19 and clopidogrel and testing before oral P2Y12 inhibitors are prescribed in patients with acute coronary syndromes or percutaneous coronary intervention.,
methadone,CYP2B6,C,CPIC does not currently provide CYP2B6 genotype-based prescribing recommendations for methadone.,ultra-rapid metabolizer; rapid metabolizer; normal metabolizer; intermediate metabolizer; poor metabolizer; indeterminate
mavacamten,CYP2C19,,"The French National Network of Pharmacogenetics (Réseau national de pharmacogénétique (RNPGx)) considers the genotyping of CYP2C19*2 and *3 as essential for mavacamten, which is in line with the EMA label testing recommendation and dosing adjustments of mavacamten for poor metabolizers. There is also a review of CYP2C19*17 and other CYP2C variants and CYP3A4*20 and *22 and CYP3A5*3, *6 and *7.",poor metabolizer
pravastatin,SLCO1B1,,There are currently no recommendations for pravastatin dosing based on SLCO1B1 genotypes.,
rosuvastatin,SLCO1B1,,"Keep the rosuvastatin dose as low as possible (e.g. by adding ezetimibe) for patients with the SLCO1B1 521 CC or TC (rs4149056) genotype and with ADDITIONAL SIGNIFICANT RISK FACTORS for statin-induced myopathy. For patients without additional significant risk factors for statin-induced myopathy, advise the patients to contact their doctor in the event of muscle symptoms.",
atazanavir,UGT1A1,,"For patients who are UGT1A1 *28/*28, avoidance of atazanavir is recommended if there is a suitable alternative.",
hydralazine,NAT2,,"The CPIC dosing guideline recommends consideration of a starting total daily dose of hydralazine of at least 75 mg for patients who are NAT2 rapid metabolizers and NAT2 intermediate metabolizers. titrating up to 300 mg as tolerated. For patients who are NAT2 poor metabolizers, initiate therapy at a total daily dose of hydralazine of 40 to 75 mg and carefully titrate upwards; use caution with total daily hydralazine doses of 200 mg or more.",rapid metabolizer; intermediate metabolizer; poor metabolizer; indeterminate
mavacamten,CYP2C19,,The Dutch Pharmacogenetics Working Group Guideline for mavacamten recommends a lower dose for CYP2C19 poor metabolizers and to avoid mavacamten in CYP2C19 poor metabolizers with strong CYP3A4 inhibitor as co-medication.,poor metabolizer
abacavir,HLA-B,,The Société Francophone d'Histocompatibilité et d'Immunogénétique (SFHI) has established national guidelines and requires mandatory HLA testing prior to prescribing abacavir and abacavir is contraindicated in patients where the HLA-B*57:01 is present.,
allopurinol,HLA-B,,The Société Francophone d'Histocompatibilité et d'Immunogénétique (SFHI) has established national guidelines around testing for HLA-B*58:01 prior to prescription of allopurinol to avoid severe cutaneous adverse reactions (SCARs).,
tebentafusp,HLA-A,,The Société Francophone d'Histocompatibilité et d'Immunogénétique (SFHI) requires testing for HLA-A*02:01 to select patients with metastatic uveal melanoma suitable for treatment with tebentafusp.,
carbamazepine; oxcarbazepine,HLA-A; HLA-B,,The Société Francophone d'Histocompatibilité et d'Immunogénétique (SFHI) has guidance about carbamazepine and oxcarbazepine toxicity and HLA-B*15:02 and HLA-A*31:01.,
